imdb_id,titulo,anio,genero,rating_imdb,streaming_disponible
tt3748172,Gerald's Game,2017,"Drama, Horror, Thriller",6.5,No encontrada
tt0118929,Dark City,1998,"Fantasy, Mystery, Sci-Fi",7.6,No encontrada
tt3748528,Rogue One: A Star Wars Story,2016,"Action, Adventure, Sci-Fi",7.8,No encontrada
tt0376994,X-Men: The Last Stand,2006,"Action, Adventure, Sci-Fi",6.6,No encontrada
tt4881806,Jurassic World: Fallen Kingdom,2018,"Action, Adventure, Sci-Fi",6.1,No encontrada
tt0076759,Star Wars: Episode IV - A New Hope,1977,"Action, Adventure, Fantasy",8.6,No encontrada
tt4154756,Avengers: Infinity War,2018,"Action, Adventure, Sci-Fi",8.4,No encontrada
tt0086190,Star Wars: Episode VI - Return of the Jedi,1983,"Action, Adventure, Fantasy",8.3,No encontrada
tt0311113,Master and Commander: The Far Side of the World,2003,"Action, Adventure, Drama",7.5,No encontrada
tt3498820,Captain America: Civil War,2016,"Action, Sci-Fi",7.8,No encontrada
tt12747748,Leave the World Behind,2023,"Drama, Mystery, Thriller",6.4,No encontrada
tt1570728,"Crazy, Stupid, Love.",2011,"Comedy, Drama, Romance",7.4,No encontrada
tt0118694,In the Mood for Love,2000,"Drama, Romance",8.0,No encontrada
tt2527336,Star Wars: Episode VIII - The Last Jedi,2017,"Action, Adventure, Fantasy",6.8,No encontrada
tt0143145,The World Is Not Enough,1999,"Action, Adventure, Thriller",6.4,No encontrada
tt1515091,Sherlock Holmes: A Game of Shadows,2011,"Action, Adventure, Mystery",7.4,No encontrada
tt0816711,World War Z,2013,"Action, Adventure, Horror",7.0,No encontrada
tt0338459,Spy Kids 3: Game Over,2003,"Action, Adventure, Comedy",4.4,No encontrada
tt1648190,The Dark Tower,2017,"Action, Adventure, Drama",5.6,No encontrada
tt17279496,Civil War,2024,"Action, Thriller, War",7.0,No encontrada
tt5109280,Raya and the Last Dragon,2021,"Animation, Action, Adventure",7.3,No encontrada
tt9777666,The Tomorrow War,2021,"Action, Adventure, Drama",6.6,No encontrada
tt9639470,Last Night in Soho,2021,"Drama, Horror, Mystery",7.0,No encontrada
tt0057012,Dr. Strangelove or: How I Learned to Stop Worrying and Love the Bomb,1964,"Comedy, War",8.3,No encontrada
tt0399295,Lord of War,2005,"Crime, Drama",7.6,No encontrada
tt0359950,The Secret Life of Walter Mitty,2013,"Adventure, Comedy, Drama",7.3,No encontrada
tt0325710,The Last Samurai,2003,"Action, Drama",7.8,No encontrada
tt0121765,Star Wars: Episode II - Attack of the Clones,2002,"Action, Adventure, Fantasy",6.6,No encontrada
tt1155056,"I Love You, Man",2009,"Comedy, Romance",7.0,No encontrada
tt0118799,Life Is Beautiful,1997,"Comedy, Drama, Romance",8.6,No encontrada
tt4209788,Molly's Game,2017,"Biography, Crime, Drama",7.4,No encontrada
tt0080684,Star Wars: Episode V - The Empire Strikes Back,1980,"Action, Adventure, Fantasy",8.7,No encontrada
tt0455590,The Last King of Scotland,2006,"Biography, Drama, History",7.6,No encontrada
tt0104691,The Last of the Mohicans,1992,"Action, Adventure, Drama",7.6,No encontrada
tt0407304,War of the Worlds,2005,"Action, Adventure, Sci-Fi",6.6,No encontrada
tt0121766,Star Wars: Episode III - Revenge of the Sith,2005,"Action, Adventure, Fantasy",7.6,No encontrada
tt1399103,Transformers: Dark of the Moon,2011,"Action, Adventure, Comedy",6.2,No encontrada
tt6450804,Terminator: Dark Fate,2019,"Action, Adventure, Sci-Fi",6.2,No encontrada
tt0758752,Love & Other Drugs,2010,"Comedy, Drama, Romance",6.7,No encontrada
tt1345836,The Dark Knight Rises,2012,"Action, Crime, Drama",8.4,No encontrada
tt3450958,War for the Planet of the Apes,2017,"Action, Adventure, Drama",7.4,No encontrada
tt1981115,Thor: The Dark World,2013,"Action, Adventure, Fantasy",6.7,No encontrada
tt0119174,The Game,1997,"Drama, Mystery, Thriller",7.7,No encontrada
tt1502397,Bad Boys for Life,2020,"Action, Comedy, Crime",6.5,No encontrada
tt2704998,Game Night,2018,"Action, Adventure, Comedy",6.9,No encontrada
tt0454876,Life of Pi,2012,"Adventure, Drama, Fantasy",7.9,No encontrada
tt0492956,The Game Plan,2007,"Comedy, Family, Sport",6.4,No encontrada
tt0362270,The Life Aquatic with Steve Zissou,2004,"Action, Adventure, Comedy",7.2,No encontrada
tt0468569,The Dark Knight,2008,"Action, Crime, Drama",9.1,No encontrada
tt0796366,Star Trek,2009,"Action, Adventure, Sci-Fi",7.9,No encontrada
tt2709768,The Secret Life of Pets,2016,"Animation, Adventure, Comedy",6.5,No encontrada
tt0038650,It's a Wonderful Life,1946,"Drama, Family, Fantasy",8.6,No encontrada
tt1077368,Dark Shadows,2012,"Comedy, Fantasy, Horror",6.2,No encontrada
tt8041270,Jurassic World: Dominion,2022,"Action, Adventure, Sci-Fi",5.6,No encontrada
tt0314331,Love Actually,2003,"Comedy, Drama, Romance",7.5,No encontrada
tt2084970,The Imitation Game,2014,"Biography, Drama, Thriller",8.0,No encontrada
tt0266987,Spy Game,2001,"Action, Crime, Thriller",7.1,No encontrada
tt1731141,Ender's Game,2013,"Action, Adventure, Sci-Fi",6.6,No encontrada
tt0120915,Star Wars: Episode I - The Phantom Menace,1999,"Action, Adventure, Fantasy",6.5,No encontrada
tt10648342,Thor: Love and Thunder,2022,"Action, Adventure, Comedy",6.1,No encontrada
tt0138097,Shakespeare in Love,1998,"Comedy, Drama, History",7.1,No encontrada
tt2005151,War Dogs,2016,"Biography, Comedy, Crime",7.1,No encontrada
tt0369610,Jurassic World,2015,"Action, Adventure, Sci-Fi",6.9,No encontrada
tt0097576,Indiana Jones and the Last Crusade,1989,"Action, Adventure",8.2,No encontrada
tt4244994,The Last Duel,2021,"Drama, History, Thriller",7.3,No encontrada
tt0079470,Monty Python's Life of Brian,1979,Comedy,8.0,No encontrada
tt0120623,A Bug's Life,1998,"Animation, Adventure, Comedy",7.2,No encontrada
tt0446029,Scott Pilgrim vs. the World,2010,"Action, Comedy, Fantasy",7.5,No encontrada
tt1790885,Zero Dark Thirty,2012,"Drama, History, Thriller",7.4,No encontrada
tt2488496,Star Wars: Episode VII - The Force Awakens,2015,"Action, Adventure, Sci-Fi",7.7,No encontrada
