imdb_id,titulo,anio,genero,rating_imdb,plataformas,poster_url
tt0338459,Spy Kids 3: Game Over,2003,"Action, Adventure, Comedy",4.4,No disponible en streaming,https://image.tmdb.org/t/p/w500/buA8dN4zLNr0dYBeKfHfMnEfdLE.jpg
tt1981115,Thor: The Dark World,2013,"Action, Adventure, Fantasy",6.7,Disney Plus,https://image.tmdb.org/t/p/w500/wp6OxE4poJ4G7c0U2ZIXasTSMR7.jpg
tt5109280,Raya and the Last Dragon,2021,"Animation, Action, Adventure",7.3,Disney Plus,https://image.tmdb.org/t/p/w500/5nVhgCzxKbK47OLIKxCR1syulOn.jpg
tt0138097,Shakespeare in Love,1998,"Comedy, Drama, History",7.1,No disponible en streaming,https://image.tmdb.org/t/p/w500/zdW7jdzPi4J9KZR3TyY2jn3Xh5e.jpg
tt0118694,In the Mood for Love,2000,"Drama, Romance",8.0,MUBI,https://image.tmdb.org/t/p/w500/m8jNwTP13ubYZyh5siVuyT9pZDp.jpg
tt17279496,Civil War,2024,"Action, Thriller, War",7.0,Netflix,https://image.tmdb.org/t/p/w500/sh7Rg8Er3tFcN9BpKIPOMvALgZd.jpg
tt0118799,Life Is Beautiful,1997,"Comedy, Drama, Romance",8.6,No disponible en streaming,https://image.tmdb.org/t/p/w500/mfnkSeeVOBVheuyn2lo4tfmOPQb.jpg
tt0314331,Love Actually,2003,"Comedy, Drama, Romance",7.5,No disponible en streaming,https://image.tmdb.org/t/p/w500/7QPeVsr9rcFU9Gl90yg0gTOTpVv.jpg
tt0038650,It's a Wonderful Life,1946,"Drama, Family, Fantasy",8.6,No disponible en streaming,https://image.tmdb.org/t/p/w500/mV3VcmMJN6Zwahj42dy9WwPUyRI.jpg
tt0120623,A Bug's Life,1998,"Animation, Adventure, Comedy",7.2,Disney Plus,https://image.tmdb.org/t/p/w500/Ah3J9OJVc2CNCuH2zMydXy9fmIC.jpg
tt0119567,The Lost World: Jurassic Park,1997,"Action, Adventure, Sci-Fi",6.6,"Amazon Prime Video, HBO Max",https://image.tmdb.org/t/p/w500/6fSkhv35nPSw9hwPVCMINQFG1WD.jpg
tt0119174,The Game,1997,"Drama, Mystery, Thriller",7.7,No disponible en streaming,https://image.tmdb.org/t/p/w500/4UOa079915QjiTA2u5hT2yKVgUu.jpg
tt0376994,X-Men: The Last Stand,2006,"Action, Adventure, Sci-Fi",6.6,Disney Plus,https://image.tmdb.org/t/p/w500/a2xicU8DpKtRizOHjQLC1JyCSRS.jpg
tt0325710,The Last Samurai,2003,"Action, Drama",7.8,"Amazon Prime Video, HBO Max",https://image.tmdb.org/t/p/w500/a8jmJPs5eZBARmnuEEvZwbjwyz4.jpg
tt0104691,The Last of the Mohicans,1992,"Action, Adventure, Drama",7.6,No disponible en streaming,https://image.tmdb.org/t/p/w500/qzJMPWRtZveBkxXOv3ucWhoJuyj.jpg
tt1570728,"Crazy, Stupid, Love.",2011,"Comedy, Drama, Romance",7.4,HBO Max,https://image.tmdb.org/t/p/w500/p4RafgAPk558muOjnBMHhMArjS2.jpg
tt0076759,Star Wars: Episode IV - A New Hope,1977,"Action, Adventure, Fantasy",8.6,Disney Plus,https://image.tmdb.org/t/p/w500/6FfCtAuVAW8XJjZ7eWeLibRLWTw.jpg
tt9639470,Last Night in Soho,2021,"Drama, Horror, Mystery",7.0,No disponible en streaming,https://image.tmdb.org/t/p/w500/n1ZRmjlk1BJTY7aASqACfPAaLn2.jpg
tt4244994,The Last Duel,2021,"Drama, History, Thriller",7.3,Disney Plus,https://image.tmdb.org/t/p/w500/zjrJE0fpzPvX8saJXj8VNfcjBoU.jpg
tt9777666,The Tomorrow War,2021,"Action, Adventure, Drama",6.6,Amazon Prime Video,https://image.tmdb.org/t/p/w500/34nDCQZwaEvsy4CFO5hkGRFDCVU.jpg
tt3748172,Gerald's Game,2017,"Drama, Horror, Thriller",6.5,Netflix,https://image.tmdb.org/t/p/w500/32dippiypDdaKv7XFEfUlQ7kPup.jpg
tt2488496,Star Wars: Episode VII - The Force Awakens,2015,"Action, Adventure, Sci-Fi",7.7,Disney Plus,https://image.tmdb.org/t/p/w500/wqnLdwVXoBjKibFRR5U3y0aDUhs.jpg
tt0118929,Dark City,1998,"Fantasy, Mystery, Sci-Fi",7.6,No disponible en streaming,https://image.tmdb.org/t/p/w500/tNPEGju4DpTdbhBphNmZoEi9Bd3.jpg
tt10648342,Thor: Love and Thunder,2022,"Action, Adventure, Comedy",6.1,Disney Plus,https://image.tmdb.org/t/p/w500/pIkRyD18kl4FhoCNQuWxWu5cBLM.jpg
tt0454876,Life of Pi,2012,"Adventure, Drama, Fantasy",7.9,No disponible en streaming,https://image.tmdb.org/t/p/w500/iLgRu4hhSr6V1uManX6ukDriiSc.jpg
tt0359950,The Secret Life of Walter Mitty,2013,"Adventure, Comedy, Drama",7.3,Disney Plus,https://image.tmdb.org/t/p/w500/tY6ypjKOOtujhxiSwTmvA4OZ5IE.jpg
tt0468569,The Dark Knight,2008,"Action, Crime, Drama",9.1,"Netflix, Amazon Prime Video, HBO Max",https://image.tmdb.org/t/p/w500/qJ2tW6WMUDux911r6m7haRef0WH.jpg
tt0080684,Star Wars: Episode V - The Empire Strikes Back,1980,"Action, Adventure, Fantasy",8.7,Disney Plus,https://image.tmdb.org/t/p/w500/nNAeTmF4CtdSgMDplXTDPOpYzsX.jpg
tt0362270,The Life Aquatic with Steve Zissou,2004,"Action, Adventure, Comedy",7.2,Disney Plus,https://image.tmdb.org/t/p/w500/qZoFLNBC78jzboWeDH6Ha0qavF2.jpg
tt0369610,Jurassic World,2015,"Action, Adventure, Sci-Fi",6.9,Amazon Prime Video,https://image.tmdb.org/t/p/w500/rhr4y79GpxQF9IsfJItRXVaoGs4.jpg
tt0455590,The Last King of Scotland,2006,"Biography, Drama, History",7.6,Disney Plus,https://image.tmdb.org/t/p/w500/mTtgpH6UnHUtD8moRJUzfGLOZTj.jpg
tt2084970,The Imitation Game,2014,"Biography, Drama, Thriller",8.0,"HBO Max, DIRECTV GO",https://image.tmdb.org/t/p/w500/zSqJ1qFq8NXFfi7JeIYMlzyR0dx.jpg
tt3748528,Rogue One: A Star Wars Story,2016,"Action, Adventure, Sci-Fi",7.8,Disney Plus,https://image.tmdb.org/t/p/w500/i0yw1mFbB7sNGHCs7EXZPzFkdA1.jpg
tt0120915,Star Wars: Episode I - The Phantom Menace,1999,"Action, Adventure, Fantasy",6.5,Disney Plus,https://image.tmdb.org/t/p/w500/6wkfovpn7Eq8dYNKaG5PY3q2oq6.jpg
tt4881806,Jurassic World: Fallen Kingdom,2018,"Action, Adventure, Sci-Fi",6.1,HBO Max,https://image.tmdb.org/t/p/w500/x2Us3jR6ToMJjbcPbLimYoxf6xr.jpg
tt2704998,Game Night,2018,"Action, Adventure, Comedy",6.9,HBO Max,https://image.tmdb.org/t/p/w500/85R8LMyn9f2Lev2YPBF8Nughrkv.jpg
tt1502397,Bad Boys for Life,2020,"Action, Comedy, Crime",6.5,"Netflix, Amazon Prime Video",https://image.tmdb.org/t/p/w500/y95lQLnuNKdPAzw9F9Ab8kJ80c3.jpg
tt1515091,Sherlock Holmes: A Game of Shadows,2011,"Action, Adventure, Mystery",7.4,"Netflix, HBO Max",https://image.tmdb.org/t/p/w500/vskIKrMNUAhns05dx8WYBQfcJEs.jpg
tt0399295,Lord of War,2005,"Crime, Drama",7.6,Amazon Prime Video,https://image.tmdb.org/t/p/w500/3MGQD4yXokufNlW1AyRXdiy7ytP.jpg
tt1345836,The Dark Knight Rises,2012,"Action, Crime, Drama",8.4,HBO Max,https://image.tmdb.org/t/p/w500/hr0L2aueqlP2BYUblTTjmtn0hw4.jpg
tt0407304,War of the Worlds,2005,"Action, Adventure, Sci-Fi",6.6,"Paramount Plus, Claro video",https://image.tmdb.org/t/p/w500/6Biy7R9LfumYshur3YKhpj56MpB.jpg
tt4209788,Molly's Game,2017,"Biography, Crime, Drama",7.4,Amazon Prime Video,https://image.tmdb.org/t/p/w500/zrGQwKNmAz5awZI2V1k5M4eTTTN.jpg
tt5442430,Life,2017,"Horror, Sci-Fi, Thriller",6.6,HBO Max,https://image.tmdb.org/t/p/w500/wztfli5NgYDgurVgShNflvnyA3Z.jpg
tt0272338,Punch-Drunk Love,2002,"Comedy, Drama, Romance",7.3,HBO Max,https://image.tmdb.org/t/p/w500/htYp4yqFu4rzBEIa6j9jP8miDm3.jpg
tt0121765,Star Wars: Episode II - Attack of the Clones,2002,"Action, Adventure, Fantasy",6.6,Disney Plus,https://image.tmdb.org/t/p/w500/oZNPzxqM2s5DyVWab09NTQScDQt.jpg
tt0266987,Spy Game,2001,"Action, Crime, Thriller",7.1,No disponible en streaming,https://image.tmdb.org/t/p/w500/6y8M1rxjKofQCRKKe6xeV91K2Fc.jpg
tt0143145,The World Is Not Enough,1999,"Action, Adventure, Thriller",6.4,No disponible en streaming,https://image.tmdb.org/t/p/w500/wCb2msgoZPK01WIqry24M4xsM73.jpg
tt0079470,Monty Python's Life of Brian,1979,Comedy,8.0,No disponible en streaming,https://image.tmdb.org/t/p/w500/lSSA64WF0M0BXnjwr2quMh6shCl.jpg
tt6450804,Terminator: Dark Fate,2019,"Action, Adventure, Sci-Fi",6.2,Disney Plus,https://image.tmdb.org/t/p/w500/vqzNJRH4YyquRiWxCCOH0aXggHI.jpg
tt3498820,Captain America: Civil War,2016,"Action, Sci-Fi",7.8,Disney Plus,https://image.tmdb.org/t/p/w500/rAGiXaUfPzY7CDEyNKUofk3Kw2e.jpg
tt12747748,Leave the World Behind,2023,"Drama, Mystery, Thriller",6.4,Netflix,https://image.tmdb.org/t/p/w500/29rhl1xopxA7JlGVVsf1UHfYPvN.jpg
tt1731141,Ender's Game,2013,"Action, Adventure, Sci-Fi",6.6,Amazon Prime Video,https://image.tmdb.org/t/p/w500/wgDlp3CT8SyLKJ52oFxrQONcw86.jpg
tt0431308,P.S. I Love You,2007,"Comedy, Drama, Romance",7.0,Netflix,https://image.tmdb.org/t/p/w500/x6M9nlTpgpI4AOw0tMkOAVbhL5z.jpg
tt2005151,War Dogs,2016,"Biography, Comedy, Crime",7.1,"Netflix, HBO Max",https://image.tmdb.org/t/p/w500/mDcPRjZC1bb6LavFU3gwsWdVfCM.jpg
tt1399103,Transformers: Dark of the Moon,2011,"Action, Adventure, Comedy",6.2,"Netflix, Paramount Plus, Claro video",https://image.tmdb.org/t/p/w500/28YlCLrFhONteYSs9hKjD1Km0Cj.jpg
tt2527336,Star Wars: Episode VIII - The Last Jedi,2017,"Action, Adventure, Fantasy",6.8,Disney Plus,https://image.tmdb.org/t/p/w500/ySaaKHOLAQU5HoZqWmzDIj1VvZ1.jpg
tt0492956,The Game Plan,2007,"Comedy, Family, Sport",6.4,Disney Plus,https://image.tmdb.org/t/p/w500/fcLFvIqCUrhY96mkSmr3okxaMEw.jpg
tt1077368,Dark Shadows,2012,"Comedy, Fantasy, Horror",6.2,HBO Max,https://image.tmdb.org/t/p/w500/fd9Ck4cxVlmtXsbeGtQW7WFuUFI.jpg
tt1648190,The Dark Tower,2017,"Action, Adventure, Drama",5.6,Netflix,https://image.tmdb.org/t/p/w500/i9GUSgddIqrroubiLsvvMRYyRy0.jpg
tt3450958,War for the Planet of the Apes,2017,"Action, Adventure, Drama",7.4,Disney Plus,https://image.tmdb.org/t/p/w500/mMA1qhBFgZX8O36qPPTC016kQl1.jpg
tt6565702,X-Men: Dark Phoenix,2019,"Action, Adventure, Sci-Fi",5.7,Disney Plus,https://image.tmdb.org/t/p/w500/cCTJPelKGLhALq3r51A9uMonxKj.jpg
tt0446029,Scott Pilgrim vs. the World,2010,"Action, Comedy, Fantasy",7.5,HBO Max,https://image.tmdb.org/t/p/w500/g5IoYeudx9XBEfwNL0fHvSckLBz.jpg
tt0311113,Master and Commander: The Far Side of the World,2003,"Action, Adventure, Drama",7.5,No disponible en streaming,https://image.tmdb.org/t/p/w500/s1cVTQEZYn4nSjZLnFbzLP0j8y2.jpg
tt0796366,Star Trek,2009,"Action, Adventure, Sci-Fi",7.9,"Paramount Plus, Claro video",https://image.tmdb.org/t/p/w500/hN2ZtF3Uw6mhIHZiqL0SKzELtKn.jpg
tt0121766,Star Wars: Episode III - Revenge of the Sith,2005,"Action, Adventure, Fantasy",7.6,Disney Plus,https://image.tmdb.org/t/p/w500/xfSAoBEm9MNBjmlNcDYLvLSMlnq.jpg
tt4154756,Avengers: Infinity War,2018,"Action, Adventure, Sci-Fi",8.4,Disney Plus,https://image.tmdb.org/t/p/w500/7WsyChQLEftFiDOVTGkv3hFpyyt.jpg
tt0086190,Star Wars: Episode VI - Return of the Jedi,1983,"Action, Adventure, Fantasy",8.3,Disney Plus,https://image.tmdb.org/t/p/w500/jQYlydvHm3kUix1f8prMucrplhm.jpg
tt3915174,Puss in Boots: The Last Wish,2022,"Animation, Action, Adventure",7.8,No disponible en streaming,https://image.tmdb.org/t/p/w500/kuf6dutpsT0vSVehic3EZIqkOBt.jpg
tt0816711,World War Z,2013,"Action, Adventure, Horror",7.0,"Paramount Plus, Claro video",https://image.tmdb.org/t/p/w500/aCnVdvExw6UWSeQfr0tUH3jr4qG.jpg
tt2709768,The Secret Life of Pets,2016,"Animation, Adventure, Comedy",6.5,"Netflix, Amazon Prime Video, HBO Max, Claro video",https://image.tmdb.org/t/p/w500/bc3rCMgP4bbxNqGQCRlpJyU8otF.jpg
